src,dst,label
35,40,0.006737946999085467
695,696,0.006737946999085467
78,79,0.04978691900673351
701,702,0.04978691900673351
54,840,0.10836802322189586
1118,1119,0.01831563888873418
496,780,0.1353352832366127
134,562,0.00033546262790251185
219,1396,0.0009118755823967154
162,316,0.01831563888873418
1366,1367,0.01831563888873418
531,533,0.04978691900673351
659,661,0.04978691900673351
172,174,0.513417119032592
1436,1445,5.602839018934963e-09
664,666,0.01831563888873418
46,1362,0.04978691900673351
676,1556,0.04978691900673351
1313,1316,0.01831563888873418
71,736,0.1353352832366127
1135,1137,0.01831563888873418
1336,1419,0.36787944117144233
31,32,0.1353352832366127
936,938,0.01831563888873418
112,111,0.36787944117144233
1434,1441,5.602839018934963e-09
1465,1467,0.006737946999085467
12,1049,0.01831563888873418
1431,1442,5.602839018934963e-09
141,146,0.00012340869340233025
313,315,0.1353352832366127
983,985,0.1353352832366127
756,765,0.15335478713206963
840,1191,0.006737946999085467
377,1263,0.04978691900673351
625,628,0.04978691900673351
249,248,0.1353352832366127
1201,1205,0.0009118755823967154
1347,1348,0.1353352832366127
921,920,0.36787944117144233
1062,1066,0.00012340869340233025
523,1356,0.04978691900673351
717,718,0.01831563888873418
63,1564,0.0009118755823967154
1117,1120,0.01831563888873418
127,770,0.006737946999085467
278,405,0.0024787819218114594
910,911,0.1353352832366127
1102,1101,0.1353352832366127
873,874,0.01831563888873418
94,96,0.6872896009574945
1435,1446,5.602839018934963e-09
1286,1289,0.01831563888873418
774,776,0.04978691900673351
1022,1023,0.01831563888873418
523,525,0.01831563888873418
1438,1444,5.602839018934963e-09
186,1415,0.01831563888873418
282,450,0.36787944117144233
1420,1423,0.04978691900673351
994,996,0.01831563888873418
495,496,0.1353352832366127
1166,1167,0.04978691900673351
1356,1357,0.36787944117144233
118,441,0.1353352832366127
33,1551,0.04978691900673351
9,10,0.4243738849556916
218,251,0.01831563888873418
24,23,0.1353352832366127
216,347,0.18009213573097915
1000,1514,0.1353352832366127
88,87,0.6703200460356393
1116,1120,0.01831563888873418
136,223,0.1353352832366127
56,184,0.1353352832366127
682,684,0.04978691900673351
931,932,0.5907775139012317
1431,1433,5.602839018934963e-09
966,965,0.006737946999085467
229,231,0.04978691900673351
1156,1157,0.00033546262790251185
265,267,0.0009118755823967154
586,587,0.04978691900673351
244,513,0.1353352832366127
517,964,0.04978691900673351
127,771,0.006737946999085467
264,268,0.0009118755823967154
1120,1517,0.04978691900673351
807,808,0.01831563888873418
979,978,0.36787944117144233
1162,1163,0.1353352832366127
1063,1067,0.00012340869340233025
294,1368,0.006737946999085467
965,970,0.006737946999085467
184,185,0.1353352832366127
62,64,0.04978691900673351
56,893,0.04978691900673351
993,992,0.36787944117144233
30,34,0.5317508230915067
1106,1111,0.00033546262790251185
516,674,0.1353352832366127
1,0,0.6703200460356393
645,1438,5.602839018934963e-09
430,432,0.36787944117144233
203,303,0.04978691900673351
695,697,0.006737946999085467
560,559,0.36787944117144233
78,1195,0.04978691900673351
139,145,0.00012340869340233025
354,356,0.1353352832366127
69,97,0.5795777039956738
1303,1304,0.1353352832366127
1563,1567,0.0009118755823967154
316,638,0.01831563888873418
34,655,0.01831563888873418
1566,1567,0.0009118755823967154
351,352,0.006737946999085467
1002,1003,0.30119406733895726
1119,1120,0.01831563888873418
1271,1272,0.1353352832366127
966,969,0.006737946999085467
1028,1029,0.04978691900673351
810,809,0.36787944117144233
1432,1439,5.602839018934963e-09
49,50,0.04978691900673351
1554,1555,0.04978691900673351
937,938,0.01831563888873418
142,144,0.00012340869340233025
1430,1433,5.602839018934963e-09
321,320,0.30119406733895726
800,804,0.006737946999085467
362,1351,0.01831563888873418
309,490,0.513417119032592
355,354,0.1353352832366127
1433,1437,5.602839018934963e-09
806,1071,0.22789408876843106
340,341,0.04978691900673351
756,892,0.006737946999085467
191,193,0.04978691900673351
793,794,0.04978691900673351
645,1439,5.602839018934963e-09
33,839,0.04978691900673351
1585,1587,0.36787944117144233
78,1197,0.04978691900673351
408,411,0.01831563888873418
1063,1068,0.00012340869340233025
953,954,0.22313032749602904
467,471,0.01831563888873418
916,1256,0.04978691900673351
1508,1509,0.006737946999085467
71,737,0.1353352832366127
385,391,0.0009118755823967154
150,517,0.5317508230915067
783,784,0.1353352832366127
54,1529,0.1353352832366127
1060,1412,0.36787944117144233
30,131,0.04978691900673351
307,308,0.01831563888873418
1429,1444,5.602839018934963e-09
500,502,0.6703200460356393
34,761,0.04978691900673351
1195,1197,0.04978691900673351
1199,1200,0.1353352832366127
51,54,0.01831563888873418
33,507,0.18009213573097915
1500,1501,0.01831563888873418
268,307,0.01831563888873418
1265,1267,0.04978691900673351
904,905,0.1353352832366127
654,655,0.6187829165799181
54,133,0.00033546262790251185
1064,1066,0.00012340869340233025
33,464,0.36787944117144233
871,874,0.01831563888873418
262,269,0.0009118755823967154
645,1433,5.602839018934963e-09
1054,1058,0.04978691900673351
140,146,0.00012340869340233025
446,449,0.04978691900673351
757,758,0.44932896411722156
968,969,0.006737946999085467
645,1437,5.602839018934963e-09
55,184,0.1353352832366127
362,1349,0.01831563888873418
186,1413,0.01831563888873418
1351,1352,0.01831563888873418
1484,1485,0.1353352832366127
320,1270,0.1353352832366127
826,830,0.00012340869340233025
705,706,0.04978691900673351
1107,1411,0.04978691900673351
1156,1158,0.00033546262790251185
655,893,0.04978691900673351
265,269,0.0009118755823967154
652,893,0.04978691900673351
912,916,0.006737946999085467
81,83,0.1353352832366127
965,968,0.006737946999085467
522,527,0.6065306597126334
105,107,0.1353352832366127
1439,1440,5.602839018934963e-09
143,148,0.00012340869340233025
478,940,0.36787944117144233
1261,1260,0.1353352832366127
1496,1495,0.36787944117144233
1436,1444,5.602839018934963e-09
515,516,0.6514386586903687
85,84,0.1353352832366127
645,1443,5.602839018934963e-09
659,660,0.04978691900673351
330,1216,0.01831563888873418
53,134,0.14885808080333315
207,209,0.1353352832366127
756,1123,0.1353352832366127
48,218,0.04978691900673351
247,1125,0.04978691900673351
1432,1441,5.602839018934963e-09
46,1363,0.36787944117144233
398,400,0.04978691900673351
517,963,0.04978691900673351
245,244,0.751477293075286
329,1389,0.513417119032592
1154,1158,0.00033546262790251185
343,1145,0.5079259684804716
280,281,0.0024787819218114594
126,772,0.006737946999085467
650,651,0.04978691900673351
136,135,0.36787944117144233
1438,1445,5.602839018934963e-09
1435,1444,5.602839018934963e-09
419,418,0.36787944117144233
1117,1116,0.01831563888873418
386,392,0.0009118755823967154
64,796,0.01831563888873418
1526,1525,0.36787944117144233
915,1201,0.0009118755823967154
706,707,0.04978691900673351
659,658,0.04978691900673351
805,807,0.3397001127785443
1109,1112,0.00033546262790251185
54,134,0.00033546262790251185
1430,1438,5.602839018934963e-09
942,941,0.1353352832366127
338,340,0.04978691900673351
314,1398,0.36787944117144233
537,539,0.30119406733895726
1154,1155,0.00033546262790251185
339,338,0.04978691900673351
144,147,0.00012340869340233025
1062,1064,0.00012340869340233025
973,1004,0.04978691900673351
133,134,0.14885808080333315
1202,1203,0.0009118755823967154
682,681,0.04978691900673351
63,62,0.12245617109449546
872,1268,0.36787944117144233
221,1145,0.04978691900673351
416,1406,0.0024787819218114594
196,198,0.01831563888873418
548,549,0.04978691900673351
92,93,0.1353352832366127
1216,1217,0.01831563888873418
519,518,0.36787944117144233
1556,1557,0.04978691900673351
523,746,0.04978691900673351
130,129,0.36787944117144233
388,392,0.0009118755823967154
62,1073,0.0009118755823967154
1148,1149,0.01831563888873418
984,985,0.30119406733895726
1506,1508,0.006737946999085467
287,288,0.1353352832366127
277,401,0.0024787819218114594
282,284,0.0024787819218114594
410,413,0.04978691900673351
829,831,0.00012340869340233025
1292,1294,0.1353352832366127
218,1041,0.04978691900673351
277,595,0.04978691900673351
45,609,0.30119406733895726
807,1070,0.0009118755823967154
1307,1308,0.006737946999085467
225,516,0.01831563888873418
219,697,0.0009118755823967154
33,133,0.37696242833189814
409,408,0.01831563888873418
12,1048,0.01831563888873418
642,713,0.1353352832366127
694,695,0.006737946999085467
1252,1254,0.513417119032592
1286,1365,0.01831563888873418
774,1130,0.04978691900673351
797,798,0.01831563888873418
240,239,0.36787944117144233
1435,1445,5.602839018934963e-09
1371,1370,0.36787944117144233
1061,1064,0.00012340869340233025
34,133,0.37696242833189814
645,1445,5.602839018934963e-09
1107,1111,0.00033546262790251185
856,857,0.1353352832366127
556,558,0.1353352832366127
255,256,0.1353352832366127
366,368,0.1353352832366127
1048,1049,0.01831563888873418
800,803,0.006737946999085467
27,29,0.1353352832366127
25,202,0.04978691900673351
216,220,0.513417119032592
1531,1530,0.36787944117144233
1064,1069,0.00012340869340233025
1152,1160,0.00033546262790251185
303,1416,0.04978691900673351
1575,1577,0.04978691900673351
63,1566,0.0009118755823967154
540,542,0.04978691900673351
1071,1073,0.0009118755823967154
24,369,0.1353352832366127
1424,1425,0.1353352832366127
1437,1442,5.602839018934963e-09
1443,1444,5.602839018934963e-09
473,474,0.1353352832366127
1438,1439,5.602839018934963e-09
553,554,0.1353352832366127
716,717,0.01831563888873418
1273,1274,0.26359713811572677
1293,1294,0.1353352832366127
522,525,0.01831563888873418
322,323,0.04978691900673351
262,264,0.0009118755823967154
45,612,0.04978691900673351
388,391,0.0009118755823967154
1017,1306,0.006737946999085467
761,776,0.04978691900673351
343,1396,0.0009118755823967154
1436,1439,5.602839018934963e-09
362,363,0.36787944117144233
309,491,0.1353352832366127
1471,1473,0.1353352832366127
298,300,0.04978691900673351
805,806,0.3397001127785443
1047,1050,0.01831563888873418
580,582,0.1353352832366127
62,1562,0.0009118755823967154
1405,1406,0.0024787819218114594
1504,1508,0.006737946999085467
645,1435,5.602839018934963e-09
52,54,0.01831563888873418
186,1414,0.01831563888873418
609,610,0.1353352832366127
283,284,0.0024787819218114594
171,918,0.36787944117144233
62,1563,0.0009118755823967154
293,742,0.32919298780790557
78,853,0.1353352832366127
64,65,0.04978691900673351
76,1381,0.1353352832366127
219,1395,0.0009118755823967154
1108,1111,0.00033546262790251185
265,945,0.006737946999085467
1430,1448,0.04978691900673351
1169,1168,0.36787944117144233
1152,1158,0.00033546262790251185
1065,1066,0.00012340869340233025
393,396,0.04978691900673351
652,655,0.6187829165799181
307,908,0.01831563888873418
150,500,0.1353352832366127
1053,1052,0.36787944117144233
1533,1534,0.006737946999085467
468,471,0.01831563888873418
912,917,0.006737946999085467
1361,1362,0.04978691900673351
681,683,0.04978691900673351
47,50,0.04978691900673351
264,265,0.0009118755823967154
1018,1307,0.006737946999085467
402,894,0.04978691900673351
1265,1264,0.04978691900673351
34,839,0.04978691900673351
775,892,0.006737946999085467
428,1362,0.04978691900673351
1293,1292,0.1353352832366127
453,452,0.0009118755823967154
142,146,0.00012340869340233025
1364,1365,0.01831563888873418
28,27,0.1353352832366127
334,335,0.04978691900673351
468,470,0.01831563888873418
532,533,0.04978691900673351
1157,1158,0.00033546262790251185
327,402,0.6303136341558493
1501,1502,0.01831563888873418
845,844,0.04978691900673351
71,709,0.04978691900673351
731,730,0.36787944117144233
377,1348,0.1353352832366127
931,1176,0.1353352832366127
337,631,0.006737946999085467
1444,1446,5.602839018934963e-09
302,304,0.1353352832366127
724,726,0.04978691900673351
871,873,0.01831563888873418
254,256,0.1353352832366127
1265,1266,0.04978691900673351
1427,1426,0.1353352832366127
214,213,0.1353352832366127
1357,1358,0.6514386586903687
349,348,0.006737946999085467
216,219,0.1353352832366127
33,485,0.36787944117144233
1432,1433,5.602839018934963e-09
278,402,0.0024787819218114594
1153,1155,0.00033546262790251185
860,861,0.1353352832366127
337,1573,0.006737946999085467
54,1191,0.006737946999085467
1312,1314,0.01831563888873418
415,1234,0.1353352832366127
308,309,0.6514386586903687
469,471,0.01831563888873418
1565,1566,0.0009118755823967154
1282,1283,0.04978691900673351
1439,1441,5.602839018934963e-09
150,151,0.8101577349324267
581,582,0.1353352832366127
761,763,0.22313032749602904
337,1571,0.006737946999085467
387,391,0.0009118755823967154
210,212,0.1353352832366127
638,640,0.36787944117144233
296,298,0.04978691900673351
805,1072,0.0009118755823967154
97,310,0.1353352832366127
82,1498,0.36787944117144233
360,361,0.04978691900673351
1556,1558,0.04978691900673351
1253,1254,0.1353352832366127
203,302,0.30119406733895726
1416,1417,0.04978691900673351
1165,1164,0.36787944117144233
916,1202,0.0009118755823967154
332,335,0.04978691900673351
856,855,0.1353352832366127
1445,1447,5.602839018934963e-09
1430,1431,0.0749519151743962
1223,1222,0.1353352832366127
468,467,0.01831563888873418
114,1162,0.1353352832366127
807,1071,0.0541137004595766
522,526,0.01831563888873418
895,897,0.01831563888873418
1365,1366,0.01831563888873418
1065,1067,0.00012340869340233025
337,1572,0.006737946999085467
457,459,0.0009118755823967154
1435,1437,5.602839018934963e-09
1431,1438,5.602839018934963e-09
1117,1118,0.01831563888873418
1438,1443,5.602839018934963e-09
151,1460,0.04978691900673351
872,874,0.01831563888873418
872,873,0.01831563888873418
415,1125,0.04978691900673351
631,1574,0.1353352832366127
263,266,0.22789408876843106
587,729,0.1353352832366127
1491,1540,0.01831563888873418
1586,1585,0.36787944117144233
796,798,0.01831563888873418
291,290,0.1353352832366127
802,803,0.006737946999085467
362,1352,0.01831563888873418
983,986,0.1353352832366127
663,665,0.01831563888873418
1437,1441,5.602839018934963e-09
1068,1069,0.00012340869340233025
1504,1514,0.1353352832366127
1472,1471,0.1353352832366127
339,340,0.04978691900673351
1061,1065,0.00012340869340233025
1308,1309,0.006737946999085467
1146,1148,0.01831563888873418
1431,1443,5.602839018934963e-09
607,608,0.04978691900673351
1563,1565,0.0009118755823967154
654,774,0.04978691900673351
1431,1439,5.602839018934963e-09
967,968,0.006737946999085467
803,804,0.006737946999085467
34,54,0.4217629566489556
1434,1436,5.602839018934963e-09
1507,1508,0.006737946999085467
150,225,0.6187829165799181
170,169,0.1353352832366127
447,449,0.04978691900673351
343,1397,0.0009118755823967154
1071,1072,0.0009118755823967154
889,890,0.1353352832366127
127,1021,0.01831563888873418
973,1002,0.30119406733895726
1421,1423,0.04978691900673351
1553,1555,0.04978691900673351
281,575,0.1353352832366127
117,937,0.01831563888873418
733,732,0.1353352832366127
397,400,0.04978691900673351
1198,1200,0.1353352832366127
1364,1367,0.01831563888873418
522,1588,0.1353352832366127
1266,1267,0.04978691900673351
216,346,0.3359111144930833
287,286,0.1353352832366127
357,361,0.04978691900673351
1339,882,0.36787944117144233
967,969,0.006737946999085467
1431,1436,5.602839018934963e-09
63,1565,0.0009118755823967154
301,317,0.04978691900673351
1117,1119,0.01831563888873418
319,421,0.36787944117144233
1054,1057,0.04978691900673351
481,482,0.04978691900673351
805,808,0.01831563888873418
88,711,0.1353352832366127
275,606,0.04978691900673351
697,1397,0.0009118755823967154
1395,1396,0.0009118755823967154
3,4,0.01831563888873418
411,412,0.01831563888873418
154,153,0.47236566705234445
1426,1428,0.1353352832366127
766,768,0.04978691900673351
1190,1191,0.006737946999085467
958,959,0.1353352832366127
1026,1027,0.36787944117144233
283,285,0.0024787819218114594
95,97,0.1353352832366127
350,351,0.006737946999085467
362,806,0.006737946999085467
358,361,0.04978691900673351
1493,1541,0.01831563888873418
403,595,0.04978691900673351
904,903,0.1353352832366127
657,1130,0.04978691900673351
136,729,0.1353352832366127
346,788,0.04978691900673351
1335,1337,0.04978691900673351
721,1454,0.36787944117144233
72,709,0.04978691900673351
1060,1063,0.00012340869340233025
219,220,0.1353352832366127
665,666,0.01831563888873418
294,1553,0.04978691900673351
914,1206,0.0009118755823967154
1061,1067,0.00012340869340233025
594,593,0.36787944117144233
1440,1447,5.602839018934963e-09
860,862,0.1353352832366127
1324,1325,0.1353352832366127
516,788,0.04978691900673351
915,917,0.006737946999085467
96,702,0.04978691900673351
188,187,0.513417119032592
720,719,0.6065306597126334
455,457,0.0009118755823967154
1108,1113,0.00033546262790251185
563,565,0.04978691900673351
833,834,0.00012340869340233025
468,469,0.01831563888873418
307,590,0.36787944117144233
266,307,0.01831563888873418
194,1384,0.1353352832366127
142,145,0.00012340869340233025
884,883,0.1353352832366127
7,11,0.22313032749602904
830,833,0.00012340869340233025
1436,1440,5.602839018934963e-09
480,479,0.04978691900673351
1279,1280,0.04978691900673351
1154,1157,0.00033546262790251185
339,341,0.47236566705234445
39,40,0.006737946999085467
1431,1432,5.602839018934963e-09
1436,1446,5.602839018934963e-09
1430,1437,5.602839018934963e-09
1061,1068,0.00012340869340233025
454,459,0.0009118755823967154
645,1441,5.602839018934963e-09
203,301,0.4243738849556916
645,1447,5.602839018934963e-09
216,345,0.18009213573097915
1063,1064,0.00012340869340233025
20,22,0.1353352832366127
693,698,0.006737946999085467
1261,1262,0.1353352832366127
53,133,0.14885808080333315
1185,1186,0.1353352832366127
795,796,0.01831563888873418
1094,1096,0.04978691900673351
916,1208,0.0009118755823967154
878,881,0.01831563888873418
615,614,0.36787944117144233
239,1503,0.01831563888873418
1396,1397,0.0009118755823967154
1442,1446,5.602839018934963e-09
62,808,0.01831563888873418
33,377,0.01831563888873418
1036,1035,0.36787944117144233
985,1092,0.04978691900673351
913,916,0.36258619716207907
1433,1444,5.602839018934963e-09
280,279,0.0024787819218114594
33,131,0.47236566705234445
951,954,0.22313032749602904
352,353,0.006737946999085467
557,556,0.1353352832366127
931,933,0.36787944117144233
293,1368,0.006737946999085467
1504,1507,0.006737946999085467
1565,1567,0.0009118755823967154
309,371,0.1353352832366127
79,80,0.04978691900673351
889,888,0.1353352832366127
832,834,0.00012340869340233025
1576,1577,0.04978691900673351
78,646,0.6703200460356393
916,1206,0.0009118755823967154
1070,1071,0.0009118755823967154
305,307,0.01831563888873418
437,438,0.1353352832366127
764,1255,0.30119406733895726
1204,1205,0.0009118755823967154
800,801,0.006737946999085467
382,384,0.1353352832366127
1056,1058,0.04978691900673351
1016,1071,0.04978691900673351
967,970,0.006737946999085467
973,972,0.36787944117144233
62,1566,0.0009118755823967154
127,1460,0.04978691900673351
584,583,0.36787944117144233
870,874,0.01831563888873418
1475,1476,0.1353352832366127
1435,1447,5.602839018934963e-09
723,726,0.04978691900673351
367,368,0.1353352832366127
541,542,0.04978691900673351
758,977,0.01831563888873418
415,1124,0.04978691900673351
376,377,0.5934880362695113
333,334,0.04978691900673351
1511,1513,0.1353352832366127
216,223,0.1353352832366127
454,457,0.0009118755823967154
866,867,0.1353352832366127
268,269,0.0009118755823967154
82,563,0.36787944117144233
78,307,0.01831563888873418
195,199,0.01831563888873418
216,222,0.01831563888873418
461,462,0.04978691900673351
323,325,0.04978691900673351
1431,1448,0.04978691900673351
988,987,0.36787944117144233
761,892,0.006737946999085467
127,151,0.04978691900673351
931,1368,0.006737946999085467
806,1070,0.0009118755823967154
216,224,0.18009213573097915
53,1469,0.01831563888873418
1000,1504,0.1353352832366127
895,898,0.01831563888873418
723,725,0.04978691900673351
1315,1469,0.01831563888873418
1400,1402,0.01831563888873418
565,566,0.04978691900673351
238,237,0.36787944117144233
1547,1548,0.04978691900673351
490,492,0.36787944117144233
973,1003,0.30119406733895726
767,768,0.04978691900673351
351,353,0.006737946999085467
56,934,0.1353352832366127
1469,1470,0.01831563888873418
1430,1439,5.602839018934963e-09
1152,1157,0.00033546262790251185
197,199,0.01831563888873418
470,471,0.01831563888873418
843,1274,0.26359713811572677
1158,1160,0.00033546262790251185
941,943,0.1353352832366127
951,953,0.4243738849556916
367,366,0.1353352832366127
141,143,0.00012340869340233025
337,1570,0.006737946999085467
132,561,0.00033546262790251185
1148,1150,0.01831563888873418
481,1251,0.1353352832366127
64,798,0.01831563888873418
956,1136,0.01831563888873418
408,410,0.18009213573097915
1430,1442,5.602839018934963e-09
46,596,0.36787944117144233
1156,1159,0.00033546262790251185
1331,1333,0.1353352832366127
1063,1069,0.00012340869340233025
217,251,0.01831563888873418
1562,1566,0.0009118755823967154
294,932,0.0820849986238988
229,228,0.47236566705234445
54,1228,0.01831563888873418
118,439,0.1353352832366127
913,1205,0.0009118755823967154
1438,1446,5.602839018934963e-09
219,1561,0.04978691900673351
216,1041,0.04978691900673351
262,267,0.0009118755823967154
880,881,0.01831563888873418
385,390,0.0009118755823967154
969,970,0.006737946999085467
1516,1517,0.04978691900673351
309,493,0.1353352832366127
380,379,0.1353352832366127
78,121,0.36787944117144233
697,698,0.006737946999085467
590,1180,0.01831563888873418
301,638,0.26359713811572677
48,217,0.04978691900673351
386,388,0.0009118755823967154
1048,1050,0.01831563888873418
1110,1112,0.00033546262790251185
679,680,0.1353352832366127
216,1452,0.36787944117144233
34,131,0.04978691900673351
388,389,0.0009118755823967154
1443,1447,5.602839018934963e-09
119,118,0.36787944117144233
515,514,0.30119406733895726
147,148,0.00012340869340233025
96,98,0.1353352832366127
277,278,0.36787944117144233
1312,1315,0.01831563888873418
743,932,0.006737946999085467
1062,1068,0.00012340869340233025
472,1091,0.04978691900673351
121,765,0.04978691900673351
136,585,0.04978691900673351
935,938,0.01831563888873418
981,980,0.1353352832366127
1432,1447,5.602839018934963e-09
34,1130,0.1353352832366127
452,458,0.0009118755823967154
1145,1394,0.0009118755823967154
88,976,0.36787944117144233
151,331,0.1353352832366127
62,1070,0.0009118755823967154
328,1189,0.1353352832366127
916,1205,0.0009118755823967154
375,378,0.04978691900673351
1259,1258,0.36787944117144233
523,742,0.04978691900673351
200,202,0.1353352832366127
271,270,0.36787944117144233
266,269,0.0009118755823967154
121,1030,0.1353352832366127
1152,1159,0.00033546262790251185
1079,1078,0.36787944117144233
974,976,0.1353352832366127
332,334,0.04978691900673351
218,219,0.01831563888873418
800,799,0.006737946999085467
1153,1159,0.00033546262790251185
294,931,0.0820849986238988
1488,1489,0.1353352832366127
573,572,0.36787944117144233
121,550,0.5795777039956738
452,455,0.0009118755823967154
768,769,0.04978691900673351
742,743,0.4895416595569531
387,390,0.0009118755823967154
145,148,0.00012340869340233025
393,395,0.04978691900673351
851,852,0.1353352832366127
675,676,0.1353352832366127
715,716,0.01831563888873418
262,268,0.0009118755823967154
385,388,0.0009118755823967154
913,914,0.0541137004595766
398,397,0.04978691900673351
712,713,0.1353352832366127
412,413,0.04978691900673351
70,72,0.04978691900673351
956,1135,0.18009213573097915
372,374,0.1353352832366127
1128,1127,0.36787944117144233
1175,1176,0.1353352832366127
94,225,0.04978691900673351
62,1567,0.0009118755823967154
1335,1338,0.04978691900673351
327,894,0.04978691900673351
828,831,0.00012340869340233025
330,1217,0.01831563888873418
69,71,0.6303136341558493
802,804,0.006737946999085467
280,282,0.0024787819218114594
1097,1099,0.1353352832366127
458,459,0.21107201482789575
1116,1119,0.01831563888873418
1401,1403,0.01831563888873418
786,785,0.1353352832366127
72,758,0.01831563888873418
507,508,0.39729358478482196
1562,1565,0.0009118755823967154
149,150,0.22313032749602904
387,388,0.0009118755823967154
415,1233,0.1353352832366127
265,944,0.006737946999085467
1306,1308,0.006737946999085467
75,76,0.04978691900673351
1429,1448,0.04978691900673351
377,378,0.04978691900673351
453,458,0.21107201482789575
434,433,0.36787944117144233
540,541,0.04978691900673351
51,53,0.01831563888873418
1070,1073,0.0009118755823967154
515,517,0.04978691900673351
243,1518,0.01831563888873418
7,9,0.7292131949226776
221,343,0.04978691900673351
724,723,0.04978691900673351
619,618,0.1353352832366127
78,1122,0.1353352832366127
826,832,0.00012340869340233025
1458,1459,0.04978691900673351
678,680,0.1353352832366127
216,218,0.5488122946670678
324,325,0.04978691900673351
1436,1447,5.602839018934963e-09
73,76,0.04978691900673351
1440,1445,5.602839018934963e-09
404,405,0.0024787819218114594
704,706,0.04978691900673351
150,1342,0.04978691900673351
132,133,0.14885808080333315
282,285,0.0024787819218114594
145,146,0.00012340869340233025
299,300,0.04978691900673351
383,382,0.1353352832366127
1307,1309,0.006737946999085467
316,317,0.04978691900673351
545,544,0.36787944117144233
1106,1105,0.00033546262790251185
475,477,0.1353352832366127
343,1395,0.0009118755823967154
12,15,0.04978691900673351
597,789,0.36787944117144233
761,764,0.15335478713206963
825,833,0.00012340869340233025
72,977,0.01831563888873418
1286,1290,0.01831563888873418
842,843,0.1353352832366127
1145,1561,0.04978691900673351
24,201,0.04978691900673351
258,1167,0.04978691900673351
293,932,0.0820849986238988
371,866,0.1353352832366127
259,1167,0.04978691900673351
410,411,0.01831563888873418
1429,1430,0.0749519151743962
1435,1440,5.602839018934963e-09
327,417,0.36787944117144233
85,86,0.1353352832366127
643,642,0.36787944117144233
697,1145,0.0009118755823967154
34,1190,0.006737946999085467
252,347,0.01831563888873418
1093,1096,0.04978691900673351
431,430,0.36787944117144233
208,209,0.1353352832366127
345,347,0.18009213573097915
832,833,0.00012340869340233025
53,1470,0.01831563888873418
878,879,0.01831563888873418
994,998,0.01831563888873418
45,610,0.1353352832366127
126,773,0.006737946999085467
53,562,0.11283600827121776
654,865,0.1353352832366127
1457,1459,0.04978691900673351
326,329,0.04978691900673351
57,58,0.36787944117144233
301,316,0.18009213573097915
294,860,0.006737946999085467
36,39,0.006737946999085467
1374,1376,0.1353352832366127
679,678,0.1353352832366127
1152,1156,0.00033546262790251185
23,25,0.1353352832366127
995,994,0.01831563888873418
860,1467,0.006737946999085467
426,425,0.1353352832366127
1457,1458,0.04978691900673351
897,898,0.01831563888873418
306,308,0.01831563888873418
1429,1432,5.602839018934963e-09
1203,1204,0.0009118755823967154
1546,1545,0.04978691900673351
801,803,0.006737946999085467
139,143,0.00012340869340233025
33,1229,0.01831563888873418
1431,1435,5.602839018934963e-09
622,621,0.36787944117144233
78,305,0.18009213573097915
1440,1443,5.602839018934963e-09
127,128,0.26359713811572677
606,607,0.04978691900673351
662,792,0.04978691900673351
142,143,0.00012340869340233025
913,1201,0.2800666312039573
2,5,0.01831563888873418
1523,1522,0.36787944117144233
33,1228,0.01831563888873418
53,561,0.2437126600828599
1082,1083,0.1353352832366127
1563,1564,0.0009118755823967154
95,94,0.1353352832366127
589,591,0.18009213573097915
55,934,0.1353352832366127
140,142,0.00012340869340233025
746,1029,0.04978691900673351
415,922,0.36787944117144233
227,1074,0.36787944117144233
507,509,0.26359713811572677
127,773,0.006737946999085467
1018,1017,0.4345982085070782
1003,1004,0.04978691900673351
1464,1465,0.006737946999085467
957,959,0.1353352832366127
320,324,0.04978691900673351
460,463,0.04978691900673351
502,503,0.1353352832366127
827,832,0.00012340869340233025
1534,1535,0.006737946999085467
1108,1110,0.00033546262790251185
224,1041,0.04978691900673351
550,1030,0.1353352832366127
1105,1112,0.00033546262790251185
924,925,0.1353352832366127
591,1180,0.01831563888873418
1538,1539,0.1353352832366127
1436,1438,5.602839018934963e-09
281,1344,0.1353352832366127
262,266,0.0009118755823967154
267,269,0.0009118755823967154
443,442,0.36787944117144233
1324,1323,0.1353352832366127
1430,1444,5.602839018934963e-09
1421,1420,0.04978691900673351
330,1215,0.01831563888873418
151,516,0.5317508230915067
69,709,0.22313032749602904
557,558,0.1353352832366127
298,299,0.04978691900673351
1329,1328,0.36787944117144233
826,833,0.00012340869340233025
77,79,0.04978691900673351
1142,1488,0.1353352832366127
1062,1069,0.00012340869340233025
1060,1066,0.00012340869340233025
828,834,0.00012340869340233025
1432,1435,5.602839018934963e-09
1021,1023,0.26359713811572677
744,1280,0.04978691900673351
34,562,0.00033546262790251185
63,1563,0.0009118755823967154
55,1461,0.1353352832366127
97,100,0.01831563888873418
654,863,0.1353352832366127
1110,1111,0.00033546262790251185
571,570,0.36787944117144233
268,945,0.006737946999085467
1438,1447,5.602839018934963e-09
1429,1446,5.602839018934963e-09
1145,1397,0.0009118755823967154
1400,1403,0.01831563888873418
1098,1099,0.1353352832366127
914,917,0.006737946999085467
843,1273,0.26359713811572677
516,1086,0.1353352832366127
467,469,0.01831563888873418
402,417,0.36787944117144233
826,829,0.00012340869340233025
888,890,0.1353352832366127
399,400,0.04978691900673351
281,284,0.0024787819218114594
481,1236,0.1353352832366127
1505,1506,0.006737946999085467
1055,1054,0.36787944117144233
693,695,0.006737946999085467
1180,1181,0.01831563888873418
17,18,0.1353352832366127
1491,1542,0.01831563888873418
36,35,0.006737946999085467
268,908,0.01831563888873418
761,765,0.15335478713206963
1222,1224,0.1353352832366127
631,1572,0.006737946999085467
1402,1403,0.01831563888873418
537,541,0.04978691900673351
192,193,0.04978691900673351
742,1356,0.04978691900673351
146,147,0.00012340869340233025
655,656,0.04978691900673351
136,587,0.5795777039956738
1431,1447,5.602839018934963e-09
1311,1310,0.36787944117144233
1377,1378,0.1353352832366127
800,802,0.006737946999085467
1037,1038,0.1353352832366127
1434,1435,5.602839018934963e-09
830,832,0.00012340869340233025
8,7,0.36787944117144233
878,880,0.01831563888873418
1394,1397,0.0009118755823967154
878,877,0.01831563888873418
1432,1437,5.602839018934963e-09
443,675,0.1353352832366127
321,322,0.04978691900673351
17,16,0.1353352832366127
473,984,0.6303136341558493
13,15,0.04978691900673351
1433,1441,5.602839018934963e-09
121,120,0.36787944117144233
30,327,0.04978691900673351
1054,1056,0.04978691900673351
78,1123,0.1353352832366127
1399,1403,0.01831563888873418
410,412,0.18009213573097915
756,761,0.5852516641769969
1429,645,5.602839018934963e-09
480,481,0.04978691900673351
183,182,0.36787944117144233
700,701,0.04978691900673351
496,1409,0.1353352832366127
664,665,0.01831563888873418
117,938,0.01831563888873418
196,197,0.01831563888873418
143,146,0.00012340869340233025
1107,1108,0.00033546262790251185
578,577,0.36787944117144233
264,269,0.0009118755823967154
1394,1396,0.0009118755823967154
96,1481,0.1353352832366127
1437,1443,5.602839018934963e-09
95,98,0.1353352832366127
1000,1202,0.0009118755823967154
218,220,0.01831563888873418
281,282,0.0024787819218114594
1146,1150,0.01831563888873418
245,513,0.1353352832366127
69,1083,0.1353352832366127
1233,1234,0.1353352832366127
346,347,0.18009213573097915
34,763,0.04978691900673351
828,830,0.00012340869340233025
69,310,0.1353352832366127
16,18,0.1353352832366127
636,635,0.1353352832366127
1441,1442,5.602839018934963e-09
1145,1283,0.04978691900673351
34,865,0.1353352832366127
114,113,0.36787944117144233
1557,1558,0.04978691900673351
219,224,0.01831563888873418
71,149,0.4243738849556916
267,268,0.0009118755823967154
898,899,0.01831563888873418
45,611,0.04978691900673351
1564,1566,0.0009118755823967154
1434,1437,5.602839018934963e-09
1472,1473,0.1353352832366127
162,639,0.01831563888873418
1060,1068,0.00012340869340233025
176,177,0.1353352832366127
846,847,0.04978691900673351
375,376,0.5934880362695113
69,757,0.26359713811572677
133,562,0.00033546262790251185
1401,1402,0.01831563888873418
87,711,0.1353352832366127
69,72,0.3359111144930833
826,827,0.00012340869340233025
663,662,0.26359713811572677
897,899,0.01831563888873418
516,517,0.7097398737909077
33,508,0.18009213573097915
70,71,0.30119406733895726
206,205,0.36787944117144233
574,576,0.1353352832366127
1484,1483,0.1353352832366127
1060,1062,0.00012340869340233025
78,1121,0.1353352832366127
1116,1118,0.01831563888873418
30,402,0.04978691900673351
662,794,0.04978691900673351
305,308,0.18009213573097915
1512,1513,0.1353352832366127
1245,1246,0.01831563888873418
950,949,0.36787944117144233
121,549,0.04978691900673351
150,1177,0.1353352832366127
255,1000,0.1353352832366127
716,718,0.01831563888873418
913,915,0.0541137004595766
1433,1435,5.602839018934963e-09
1279,1281,0.04978691900673351
806,1016,0.04978691900673351
655,657,0.18009213573097915
1313,1314,0.01831563888873418
327,328,0.4243738849556916
799,802,0.006737946999085467
280,284,0.0024787819218114594
877,879,0.01831563888873418
1118,1120,0.01831563888873418
1018,1304,0.1353352832366127
239,1502,0.01831563888873418
82,81,0.1353352832366127
33,1295,0.01831563888873418
662,793,0.04978691900673351
162,638,0.01831563888873418
627,628,0.04978691900673351
33,840,0.10836802322189586
1560,1561,0.04978691900673351
151,517,0.6411803884299546
72,443,0.1353352832366127
94,100,0.01831563888873418
408,413,0.04978691900673351
220,221,0.01831563888873418
37,40,0.006737946999085467
426,427,0.1353352832366127
189,567,0.6514386586903687
60,61,0.1353352832366127
234,235,0.1353352832366127
896,897,0.01831563888873418
34,756,0.1353352832366127
1429,1437,5.602839018934963e-09
117,936,0.01831563888873418
765,775,0.006737946999085467
697,1394,0.0009118755823967154
362,805,0.006737946999085467
871,870,0.01831563888873418
630,1579,0.1353352832366127
132,562,0.00033546262790251185
916,1257,0.04978691900673351
618,620,0.1353352832366127
51,56,0.1353352832366127
1435,1442,5.602839018934963e-09
1145,1395,0.0009118755823967154
198,199,0.01831563888873418
825,830,0.00012340869340233025
1043,1044,0.1353352832366127
454,456,0.0009118755823967154
387,389,0.0009118755823967154
1286,1288,0.01831563888873418
482,1244,0.01831563888873418
139,142,0.00012340869340233025
626,628,0.04978691900673351
151,225,0.26359713811572677
71,150,0.22313032749602904
275,607,0.04978691900673351
645,1432,5.602839018934963e-09
62,807,0.3397001127785443
681,684,0.04978691900673351
645,1431,5.602839018934963e-09
916,1207,0.0009118755823967154
1210,1209,0.04978691900673351
903,905,0.1353352832366127
844,846,0.04978691900673351
197,198,0.01831563888873418
153,156,0.04978691900673351
1115,1114,0.36787944117144233
724,725,0.04978691900673351
1072,1073,0.0009118755823967154
333,332,0.04978691900673351
1241,1240,0.36787944117144233
150,281,0.5795777039956738
297,296,0.36787944117144233
1487,1486,0.36787944117144233
757,977,0.01831563888873418
1506,1507,0.006737946999085467
294,293,0.6211451576154515
103,104,0.1353352832366127
233,235,0.1353352832366127
547,546,0.36787944117144233
247,415,0.04978691900673351
743,744,0.2396510364417758
343,342,0.1353352832366127
662,664,0.01831563888873418
252,345,0.01831563888873418
931,1356,0.36787944117144233
1429,1447,5.602839018934963e-09
1457,1456,0.04978691900673351
46,194,0.1353352832366127
403,405,0.0024787819218114594
1442,1443,5.602839018934963e-09
1280,1281,0.04978691900673351
1433,1440,5.602839018934963e-09
1432,1436,5.602839018934963e-09
1438,1442,5.602839018934963e-09
654,1130,0.30119406733895726
34,53,0.27518200038351043
114,1163,0.1353352832366127
143,144,0.00012340869340233025
1201,1257,0.04978691900673351
981,982,0.1353352832366127
1430,1434,5.602839018934963e-09
1000,1203,0.0009118755823967154
1214,1215,0.01831563888873418
3,5,0.01831563888873418
150,516,0.39729358478482196
1142,1489,0.1353352832366127
82,83,0.1353352832366127
948,947,0.36787944117144233
535,534,0.36787944117144233
841,843,0.1353352832366127
822,824,0.04978691900673351
733,734,0.1353352832366127
1195,1196,0.04978691900673351
482,1046,0.36787944117144233
286,288,0.36787944117144233
190,507,0.18009213573097915
1540,1542,0.01831563888873418
327,1406,0.0024787819218114594
303,1026,0.04978691900673351
522,524,0.01831563888873418
38,40,0.006737946999085467
263,264,0.0009118755823967154
694,693,0.006737946999085467
196,199,0.01831563888873418
1153,1158,0.00033546262790251185
913,1204,0.0009118755823967154
1562,1564,0.0009118755823967154
1026,1416,0.04978691900673351
189,651,0.04978691900673351
764,892,0.006737946999085467
1049,1050,0.01831563888873418
742,1278,0.006737946999085467
756,758,0.1353352832366127
327,1189,0.1353352832366127
1437,1440,5.602839018934963e-09
567,651,0.04978691900673351
62,362,0.006737946999085467
187,189,0.1353352832366127
814,816,0.1353352832366127
1453,1360,0.36787944117144233
1350,1352,0.01831563888873418
660,661,0.04978691900673351
1441,1445,5.602839018934963e-09
1026,1417,0.04978691900673351
1429,1436,5.602839018934963e-09
751,750,0.36787944117144233
33,54,0.7158665829803511
1018,1309,0.006737946999085467
913,1202,0.0009118755823967154
247,1124,0.04978691900673351
1440,1444,5.602839018934963e-09
1439,1447,5.602839018934963e-09
697,1395,0.0009118755823967154
348,353,0.006737946999085467
1107,1358,0.04978691900673351
1442,1444,5.602839018934963e-09
1017,1307,0.006737946999085467
1225,1345,0.36787944117144233
1253,1252,0.1353352832366127
54,132,0.06948345122280154
1120,1515,0.04978691900673351
464,465,0.513417119032592
439,441,0.1353352832366127
630,631,0.36787944117144233
51,1008,0.1353352832366127
719,753,0.1353352832366127
818,817,0.36787944117144233
1483,1485,0.1353352832366127
216,788,0.04978691900673351
1202,1205,0.0009118755823967154
1249,1248,0.36787944117144233
1356,1359,0.36787944117144233
1094,1093,0.04978691900673351
263,944,0.006737946999085467
301,303,0.04978691900673351
96,99,0.1353352832366127
136,216,0.1353352832366127
94,97,0.6514386586903687
1493,1494,0.36787944117144233
1024,1025,0.1353352832366127
1021,1022,0.01831563888873418
56,1461,0.1353352832366127
472,984,0.04978691900673351
67,66,0.1353352832366127
252,346,0.01831563888873418
2,4,0.01831563888873418
1433,1439,5.602839018934963e-09
1107,1113,0.00033546262790251185
669,671,0.36787944117144233
291,292,0.1353352832366127
33,561,0.2437126600828599
265,908,0.01831563888873418
447,448,0.04978691900673351
705,707,0.04978691900673351
462,463,0.04978691900673351
682,683,0.04978691900673351
912,915,0.006737946999085467
294,742,0.5907775139012317
55,90,0.36787944117144233
755,754,0.36787944117144233
34,561,0.06948345122280154
1480,1479,0.36787944117144233
530,1535,0.006737946999085467
581,580,0.1353352832366127
46,192,0.04978691900673351
1569,1568,0.36787944117144233
996,998,0.01831563888873418
658,660,0.04978691900673351
1105,1110,0.00033546262790251185
409,410,0.01831563888873418
916,1203,0.0009118755823967154
47,49,0.04978691900673351
1109,1111,0.00033546262790251185
1437,1447,5.602839018934963e-09
1576,1575,0.04978691900673351
997,998,0.01831563888873418
327,1408,0.0024787819218114594
1368,1369,0.006737946999085467
207,1478,0.1353352832366127
1201,1203,0.0009118755823967154
134,561,0.00033546262790251185
1087,1089,0.1353352832366127
33,562,0.11283600827121776
1439,1445,5.602839018934963e-09
694,698,0.006737946999085467
177,926,0.36787944117144233
1105,1113,0.00033546262790251185
870,873,0.01831563888873418
597,790,0.36787944117144233
530,1533,0.006737946999085467
590,589,0.18009213573097915
48,49,0.04978691900673351
33,190,0.18009213573097915
1153,1156,0.00033546262790251185
662,665,0.01831563888873418
467,470,0.01831563888873418
259,258,0.47236566705234445
263,262,0.0009118755823967154
55,547,0.1353352832366127
128,1022,0.01831563888873418
416,1407,0.0024787819218114594
249,250,0.1353352832366127
455,456,0.0009118755823967154
1105,1111,0.00033546262790251185
1564,1565,0.0009118755823967154
390,391,0.0009118755823967154
700,702,0.04978691900673351
490,493,0.1353352832366127
329,547,0.513417119032592
1570,1571,0.006737946999085467
806,1073,0.0009118755823967154
836,837,0.1353352832366127
221,222,0.01831563888873418
742,931,0.2396510364417758
1437,1438,5.602839018934963e-09
4,5,0.01831563888873418
194,1137,0.01831563888873418
454,458,0.0009118755823967154
1431,1437,5.602839018934963e-09
402,404,0.0024787819218114594
1540,1541,0.01831563888873418
1430,1445,5.602839018934963e-09
1313,1312,0.01831563888873418
194,1385,0.1353352832366127
123,124,0.1353352832366127
756,764,0.15335478713206963
469,470,0.01831563888873418
364,365,0.1353352832366127
564,566,0.04978691900673351
244,246,0.36787944117144233
343,1394,0.0009118755823967154
1477,1478,0.1353352832366127
548,550,0.04978691900673351
531,1535,0.006737946999085467
71,158,0.1353352832366127
330,1214,0.01831563888873418
54,1190,0.006737946999085467
907,906,0.36787944117144233
537,542,0.04978691900673351
828,833,0.00012340869340233025
362,1350,0.01831563888873418
1434,1446,5.602839018934963e-09
976,1129,0.36787944117144233
380,381,0.1353352832366127
194,955,0.1353352832366127
1432,1446,5.602839018934963e-09
984,1091,0.04978691900673351
151,1088,0.1353352832366127
151,964,0.04978691900673351
963,964,0.04978691900673351
94,99,0.1353352832366127
52,53,0.01831563888873418
213,215,0.1353352832366127
154,156,0.04978691900673351
445,444,0.36787944117144233
742,745,0.36787944117144233
564,565,0.04978691900673351
1441,1443,5.602839018934963e-09
1430,1432,5.602839018934963e-09
1570,1572,0.006737946999085467
54,489,0.04978691900673351
169,171,0.1353352832366127
139,147,0.00012340869340233025
807,1073,0.0009118755823967154
1433,1442,5.602839018934963e-09
496,1410,0.1353352832366127
765,892,0.006737946999085467
719,752,0.1353352832366127
1433,1447,5.602839018934963e-09
1432,1438,5.602839018934963e-09
744,1279,0.04978691900673351
1288,1289,0.01831563888873418
448,449,0.04978691900673351
1571,1573,0.006737946999085467
279,281,0.0024787819218114594
1243,1242,0.36787944117144233
348,350,0.006737946999085467
1056,1057,0.04978691900673351
12,1050,0.01831563888873418
761,774,0.47236566705234445
12,1047,0.01831563888873418
633,632,0.36787944117144233
161,160,0.36787944117144233
1564,1567,0.0009118755823967154
1142,1141,0.36787944117144233
54,1229,0.01831563888873418
1225,1227,0.36787944117144233
402,405,0.0024787819218114594
266,945,0.006737946999085467
133,561,0.00033546262790251185
320,322,0.04978691900673351
1002,1004,0.04978691900673351
1147,1148,0.01831563888873418
243,1519,0.01831563888873418
9,11,0.22313032749602904
350,686,0.36787944117144233
51,52,0.01831563888873418
887,886,0.36787944117144233
662,666,0.01831563888873418
139,144,0.00012340869340233025
217,218,0.39729358478482196
765,1255,0.04978691900673351
1109,1113,0.00033546262790251185
1206,1207,0.0009118755823967154
825,834,0.00012340869340233025
48,50,0.04978691900673351
530,532,0.15335478713206963
1464,1467,0.006737946999085467
806,1072,0.0009118755823967154
799,803,0.006737946999085467
1440,1441,5.602839018934963e-09
220,224,0.01831563888873418
303,1417,0.04978691900673351
3,6,0.01831563888873418
281,1342,0.04978691900673351
663,677,0.1353352832366127
461,460,0.04978691900673351
454,455,0.0009118755823967154
1323,1325,0.1353352832366127
825,827,0.00012340869340233025
756,763,0.04978691900673351
279,282,0.0024787819218114594
84,86,0.1353352832366127
278,403,0.1353352832366127
694,697,0.006737946999085467
1000,1204,0.0009118755823967154
140,143,0.00012340869340233025
1435,1441,5.602839018934963e-09
1400,1399,0.01831563888873418
348,351,0.006737946999085467
59,61,0.1353352832366127
280,285,0.0024787819218114594
54,1550,0.1353352832366127
1507,1509,0.006737946999085467
742,746,0.6514386586903687
1336,1335,0.04978691900673351
1162,1415,0.01831563888873418
830,834,0.00012340869340233025
762,763,0.22313032749602904
956,1137,0.01831563888873418
935,936,0.01831563888873418
188,189,0.1353352832366127
94,98,0.1353352832366127
826,828,0.00012340869340233025
327,1405,0.0024787819218114594
764,775,0.006737946999085467
1102,1103,0.1353352832366127
277,403,0.1353352832366127
33,375,0.01831563888873418
126,770,0.006737946999085467
74,76,0.04978691900673351
1147,1150,0.01831563888873418
443,738,0.1353352832366127
1563,1566,0.0009118755823967154
1110,1113,0.00033546262790251185
475,478,0.1353352832366127
843,1276,0.01831563888873418
561,562,0.11283600827121776
1286,1367,0.01831563888873418
278,404,0.0024787819218114594
180,181,0.36787944117144233
201,202,0.30119406733895726
389,391,0.0009118755823967154
453,457,0.0009118755823967154
1404,1407,0.0024787819218114594
1435,1438,5.602839018934963e-09
5,6,0.01831563888873418
1105,1108,0.00033546262790251185
43,42,0.36787944117144233
732,734,0.1353352832366127
1207,1208,0.0009118755823967154
34,1551,0.04978691900673351
230,231,0.04978691900673351
166,406,0.36787944117144233
820,819,0.36787944117144233
980,982,0.1353352832366127
1577,1578,0.04978691900673351
567,650,0.04978691900673351
1313,1315,0.01831563888873418
376,1295,0.01831563888873418
828,832,0.00012340869340233025
539,689,0.04978691900673351
277,404,0.0024787819218114594
460,462,0.04978691900673351
761,775,0.5209113887774003
1572,1573,0.006737946999085467
1431,1444,5.602839018934963e-09
1201,1208,0.0009118755823967154
936,937,0.01831563888873418
1196,1197,0.04978691900673351
63,65,0.04978691900673351
1327,1326,0.36787944117144233
1493,1540,0.01831563888873418
190,508,0.18009213573097915
248,250,0.1353352832366127
1201,1204,0.0009118755823967154
1156,1160,0.00033546262790251185
1209,1212,0.04978691900673351
219,221,0.18009213573097915
276,278,0.1353352832366127
140,141,0.00012340869340233025
830,831,0.00012340869340233025
96,1177,0.1353352832366127
1098,1097,0.1353352832366127
219,473,0.1353352832366127
984,986,0.1353352832366127
53,1024,0.1353352832366127
401,403,0.0024787819218114594
805,1073,0.0009118755823967154
387,392,0.0009118755823967154
416,1405,0.0024787819218114594
33,134,0.14885808080333315
69,758,0.26359713811572677
1066,1069,0.00012340869340233025
1260,1262,0.1353352832366127
77,80,0.04978691900673351
635,637,0.1353352832366127
1493,1542,0.01831563888873418
139,146,0.00012340869340233025
290,292,0.1353352832366127
312,311,0.36787944117144233
1440,1442,5.602839018934963e-09
1474,1476,0.1353352832366127
1395,1397,0.0009118755823967154
1501,1503,0.01831563888873418
1546,1547,0.04978691900673351
371,759,0.1353352832366127
327,1404,0.0024787819218114594
1431,1441,5.602839018934963e-09
1012,1011,0.36787944117144233
219,1397,0.0009118755823967154
1274,1276,0.01831563888873418
220,222,0.01831563888873418
670,721,0.36787944117144233
645,1430,5.602839018934963e-09
266,908,0.01831563888873418
60,59,0.1353352832366127
316,639,0.01831563888873418
756,762,0.04978691900673351
1337,1338,0.04978691900673351
1152,1154,0.00033546262790251185
261,260,0.36787944117144233
281,576,0.1353352832366127
402,403,0.0024787819218114594
54,488,0.04978691900673351
88,991,0.6065306597126334
822,821,0.04978691900673351
1135,1136,0.01831563888873418
78,1005,0.36787944117144233
153,155,0.04978691900673351
1106,1107,0.00033546262790251185
70,69,0.30119406733895726
465,466,0.1353352832366127
1432,1443,5.602839018934963e-09
1355,1354,0.36787944117144233
767,766,0.04978691900673351
33,488,0.04978691900673351
930,1418,0.36787944117144233
99,100,0.44932896411722156
30,840,0.01831563888873418
1409,1410,0.1353352832366127
1245,1247,0.01831563888873418
1441,1446,5.602839018934963e-09
629,631,0.1353352832366127
1201,1206,0.0009118755823967154
1456,1458,0.04978691900673351
1435,1436,5.602839018934963e-09
1066,1068,0.00012340869340233025
34,840,0.10836802322189586
860,1466,0.006737946999085467
33,489,0.04978691900673351
1437,1439,5.602839018934963e-09
1541,1542,0.01831563888873418
756,759,0.36787944117144233
63,64,0.04978691900673351
416,1408,0.0024787819218114594
152,517,0.36787944117144233
1438,1440,5.602839018934963e-09
1504,1509,0.006737946999085467
748,747,0.36787944117144233
515,674,0.1353352832366127
645,1436,5.602839018934963e-09
1430,1440,5.602839018934963e-09
76,1588,0.1353352832366127
606,608,0.04978691900673351
301,302,0.47236566705234445
244,435,0.36787944117144233
263,269,0.0009118755823967154
1505,1509,0.006737946999085467
1106,1113,0.00033546262790251185
96,1482,0.1353352832366127
452,454,0.0009118755823967154
955,956,0.1353352832366127
746,1028,0.04978691900673351
771,772,0.006737946999085467
1018,1308,0.006737946999085467
952,954,0.22313032749602904
191,192,0.04978691900673351
294,1554,0.04978691900673351
1064,1065,0.00012340869340233025
668,667,0.36787944117144233
401,405,0.0024787819218114594
327,596,0.1353352832366127
106,859,0.36787944117144233
744,1278,0.2396510364417758
552,554,0.1353352832366127
1064,1068,0.00012340869340233025
1491,1541,0.01831563888873418
835,837,0.1353352832366127
915,916,0.0541137004595766
1404,1405,0.0024787819218114594
1035,1038,0.1353352832366127
870,872,0.01831563888873418
447,446,0.04978691900673351
300,1497,0.36787944117144233
1504,1506,0.006737946999085467
521,520,0.36787944117144233
1406,1407,0.0024787819218114594
1153,1157,0.00033546262790251185
1035,1037,0.1353352832366127
428,429,0.36787944117144233
1314,1316,0.01831563888873418
915,1208,0.0009118755823967154
194,1135,0.18009213573097915
960,962,0.1353352832366127
323,324,0.04978691900673351
1124,1125,0.04978691900673351
806,807,0.3397001127785443
1093,1095,0.04978691900673351
645,1442,5.602839018934963e-09
294,744,0.6904785504771092
827,829,0.00012340869340233025
33,1550,0.47236566705234445
653,655,0.04978691900673351
1215,1217,0.01831563888873418
517,1341,0.36787944117144233
1264,1267,0.04978691900673351
92,91,0.1353352832366127
653,654,0.04978691900673351
1107,1112,0.00033546262790251185
1533,1535,0.006737946999085467
1500,1503,0.01831563888873418
877,881,0.01831563888873418
1435,1443,5.602839018934963e-09
984,983,0.36787944117144233
357,360,0.04978691900673351
743,931,0.006737946999085467
55,893,0.04978691900673351
1147,1146,0.01831563888873418
263,945,0.006737946999085467
944,945,0.006737946999085467
770,771,0.006737946999085467
1502,1503,0.01831563888873418
350,352,0.006737946999085467
30,894,0.04978691900673351
913,1203,0.0009118755823967154
262,265,0.0009118755823967154
385,387,0.0009118755823967154
1349,1350,0.01831563888873418
57,685,0.36787944117144233
46,78,0.36787944117144233
1039,1040,0.1353352832366127
778,777,0.36787944117144233
742,744,0.4345982085070782
547,1389,0.1353352832366127
327,416,0.751477293075286
375,1295,0.01831563888873418
1273,1276,0.01831563888873418
403,404,0.0024787819218114594
1391,1390,0.1353352832366127
845,847,0.04978691900673351
274,273,0.1353352832366127
1438,1441,5.602839018934963e-09
843,1275,0.01831563888873418
877,880,0.01831563888873418
46,193,0.04978691900673351
320,325,0.04978691900673351
1086,1087,0.1353352832366127
1286,1366,0.01831563888873418
296,300,0.47236566705234445
1062,1063,0.00012340869340233025
501,502,0.36787944117144233
383,384,0.1353352832366127
1373,1372,0.36787944117144233
386,390,0.0009118755823967154
913,912,0.006737946999085467
563,564,0.04978691900673351
1209,1211,0.04978691900673351
626,625,0.04978691900673351
1429,1433,5.602839018934963e-09
913,1208,0.0009118755823967154
1365,1367,0.01831563888873418
861,862,0.1353352832366127
439,440,0.36787944117144233
1464,1466,0.006737946999085467
1108,1109,0.00033546262790251185
1492,1491,0.36787944117144233
300,973,0.36787944117144233
1014,1013,0.36787944117144233
1120,1516,0.04978691900673351
871,872,0.01831563888873418
13,14,0.04978691900673351
1512,1511,0.1353352832366127
1387,1386,0.36787944117144233
1157,1160,0.00033546262790251185
373,372,0.1353352832366127
96,708,0.18009213573097915
772,773,0.006737946999085467
9,1424,0.1353352832366127
24,25,0.6514386586903687
590,591,0.5317508230915067
514,517,0.04978691900673351
696,698,0.006737946999085467
1427,1428,0.1353352832366127
328,329,0.04978691900673351
203,317,0.04978691900673351
44,46,0.1353352832366127
1375,1374,0.1353352832366127
1429,1441,5.602839018934963e-09
1184,1186,0.1353352832366127
211,210,0.1353352832366127
386,387,0.0009118755823967154
591,1181,0.01831563888873418
402,416,0.30119406733895726
479,482,0.04978691900673351
553,552,0.1353352832366127
244,1230,0.36787944117144233
10,11,0.22313032749602904
78,80,0.04978691900673351
1064,1067,0.00012340869340233025
523,526,0.01831563888873418
927,1520,0.01831563888873418
1199,1198,0.1353352832366127
498,497,0.36787944117144233
38,39,0.006737946999085467
1429,1439,5.602839018934963e-09
294,743,0.4895416595569531
756,775,0.006737946999085467
264,267,0.0009118755823967154
775,776,0.04978691900673351
453,456,0.0009118755823967154
1306,1309,0.006737946999085467
219,1145,0.6270894754614215
62,805,0.3397001127785443
151,330,0.1353352832366127
349,352,0.006737946999085467
827,833,0.00012340869340233025
1112,1113,0.00033546262790251185
828,829,0.00012340869340233025
915,1207,0.0009118755823967154
128,1021,0.26359713811572677
362,1071,0.006737946999085467
294,1278,0.2396510364417758
1063,1065,0.00012340869340233025
896,895,0.01831563888873418
825,831,0.00012340869340233025
141,144,0.00012340869340233025
263,267,0.0009118755823967154
815,816,0.1353352832366127
264,266,0.0009118755823967154
401,404,0.0024787819218114594
126,128,0.1353352832366127
140,145,0.00012340869340233025
1468,1469,0.01831563888873418
150,301,0.1353352832366127
771,773,0.006737946999085467
539,690,0.04978691900673351
1158,1159,0.00033546262790251185
1434,1445,5.602839018934963e-09
645,1446,5.602839018934963e-09
71,157,0.1353352832366127
695,716,0.01831563888873418
1109,1110,0.00033546262790251185
473,472,0.30119406733895726
924,923,0.1353352832366127
464,466,0.1353352832366127
563,566,0.04978691900673351
995,996,0.01831563888873418
538,537,0.1353352832366127
829,832,0.00012340869340233025
33,1191,0.006737946999085467
46,191,0.30119406733895726
1107,1357,0.04978691900673351
1032,1031,0.36787944117144233
626,627,0.04978691900673351
409,412,0.01831563888873418
1519,1520,0.01831563888873418
46,1361,0.47236566705234445
1429,1445,5.602839018934963e-09
1070,1072,0.0009118755823967154
1106,1110,0.00033546262790251185
301,304,0.1353352832366127
78,77,0.04978691900673351
281,1081,0.6065306597126334
349,353,0.006737946999085467
825,828,0.00012340869340233025
1439,1442,5.602839018934963e-09
1111,1112,0.00033546262790251185
219,1282,0.04978691900673351
756,757,0.1353352832366127
228,230,0.04978691900673351
821,823,0.04978691900673351
1468,1470,0.01831563888873418
283,1451,0.1353352832366127
278,595,0.04978691900673351
456,459,0.0009118755823967154
901,900,0.1353352832366127
1515,1517,0.04978691900673351
473,1091,0.04978691900673351
1162,1414,0.01831563888873418
689,690,0.04978691900673351
1336,1337,0.04978691900673351
883,885,0.1353352832366127
251,252,0.01831563888873418
35,39,0.006737946999085467
333,335,0.04978691900673351
896,899,0.01831563888873418
1439,1443,5.602839018934963e-09
126,771,0.006737946999085467
201,200,0.1353352832366127
631,1571,0.006737946999085467
327,329,0.04978691900673351
1140,1139,0.36787944117144233
1443,1445,5.602839018934963e-09
487,486,0.36787944117144233
62,1071,0.22789408876843106
590,1181,0.01831563888873418
117,116,0.36787944117144233
277,405,0.0024787819218114594
294,1555,0.04978691900673351
96,100,0.01831563888873418
141,147,0.00012340869340233025
294,746,0.04978691900673351
54,562,0.00033546262790251185
36,37,0.006737946999085467
151,301,0.1353352832366127
500,501,0.36787944117144233
345,346,0.18009213573097915
966,968,0.006737946999085467
394,396,0.04978691900673351
638,639,0.01831563888873418
349,351,0.006737946999085467
1431,1440,5.602839018934963e-09
456,457,0.0009118755823967154
1238,1237,0.36787944117144233
805,1070,0.0009118755823967154
1356,1358,0.36787944117144233
913,1207,0.0009118755823967154
391,392,0.0009118755823967154
362,364,0.1353352832366127
139,148,0.00012340869340233025
823,824,0.04978691900673351
1294,1377,0.1353352832366127
1244,1247,0.01831563888873418
1147,1149,0.01831563888873418
1518,1519,0.01831563888873418
1155,1160,0.00033546262790251185
1443,1446,5.602839018934963e-09
294,1028,0.04978691900673351
1010,1045,0.36787944117144233
826,825,0.00012340869340233025
900,902,0.1353352832366127
302,303,0.04978691900673351
845,846,0.04978691900673351
425,427,0.1353352832366127
416,596,0.1353352832366127
390,392,0.0009118755823967154
1422,1423,0.04978691900673351
1545,1548,0.04978691900673351
1431,1434,5.602839018934963e-09
500,503,0.513417119032592
254,1000,0.1353352832366127
394,395,0.04978691900673351
30,32,0.1353352832366127
472,474,0.1353352832366127
239,1500,0.01831563888873418
62,1565,0.0009118755823967154
140,139,0.00012340869340233025
1465,1466,0.006737946999085467
789,790,0.36787944117144233
1537,1539,0.1353352832366127
1434,1438,5.602839018934963e-09
358,357,0.30119406733895726
1413,1415,0.01831563888873418
1201,1207,0.0009118755823967154
705,704,0.04978691900673351
522,523,0.01831563888873418
516,1088,0.36787944117144233
1431,1446,5.602839018934963e-09
67,68,0.1353352832366127
294,1464,0.006737946999085467
1289,1290,0.01831563888873418
265,307,0.01831563888873418
1439,1444,5.602839018934963e-09
97,710,0.04978691900673351
1105,1107,0.00033546262790251185
1061,1069,0.00012340869340233025
376,378,0.04978691900673351
742,932,0.2396510364417758
1500,1502,0.01831563888873418
219,1283,0.04978691900673351
481,1250,0.1353352832366127
996,997,0.01831563888873418
127,517,0.04978691900673351
358,360,0.04978691900673351
966,970,0.006737946999085467
1545,1547,0.04978691900673351
139,141,0.00012340869340233025
1215,1216,0.01831563888873418
1286,1364,0.01831563888873418
827,834,0.00012340869340233025
358,359,0.1353352832366127
78,308,0.5317508230915067
277,276,0.1353352832366127
30,54,0.01831563888873418
966,967,0.006737946999085467
1065,1069,0.00012340869340233025
394,393,0.04978691900673351
72,757,0.01831563888873418
531,1534,0.006737946999085467
770,772,0.006737946999085467
1256,1257,0.04978691900673351
1060,1069,0.00012340869340233025
1314,1315,0.01831563888873418
436,438,0.1353352832366127
496,781,0.1353352832366127
132,1228,0.01831563888873418
1429,1438,5.602839018934963e-09
1434,1442,5.602839018934963e-09
9,1532,0.36787944117144233
302,1182,0.36787944117144233
386,385,0.0009118755823967154
516,1089,0.1353352832366127
480,482,0.04978691900673351
127,126,0.2396510364417758
1413,1414,0.01831563888873418
194,1138,0.04978691900673351
56,547,0.1353352832366127
28,29,0.1353352832366127
1146,1149,0.01831563888873418
1442,1447,5.602839018934963e-09
1062,1067,0.00012340869340233025
185,186,0.1353352832366127
1437,1446,5.602839018934963e-09
1274,1275,0.01831563888873418
66,68,0.1353352832366127
196,195,0.44932896411722156
1433,1446,5.602839018934963e-09
537,689,0.04978691900673351
127,772,0.006737946999085467
923,925,0.1353352832366127
831,834,0.00012340869340233025
95,96,0.1353352832366127
33,51,0.26359713811572677
1491,1493,0.01831563888873418
305,309,0.04978691900673351
211,212,0.1353352832366127
385,389,0.0009118755823967154
591,592,0.04978691900673351
942,943,0.1353352832366127
609,612,0.04978691900673351
455,459,0.0009118755823967154
1430,1435,5.602839018934963e-09
37,38,0.006737946999085467
488,489,0.04978691900673351
1,946,0.36787944117144233
1219,1218,0.36787944117144233
1214,1217,0.01831563888873418
1456,1459,0.04978691900673351
916,1204,0.0009118755823967154
301,639,0.01831563888873418
1431,1445,5.602839018934963e-09
1430,1436,5.602839018934963e-09
1066,1067,0.00012340869340233025
149,152,0.36787944117144233
532,1533,0.006737946999085467
389,390,0.0009118755823967154
234,233,0.1353352832366127
695,698,0.006737946999085467
142,148,0.00012340869340233025
51,58,0.36787944117144233
1581,1580,0.36787944117144233
1121,1122,0.1353352832366127
805,1071,0.0541137004595766
1136,1137,0.01831563888873418
761,762,0.22313032749602904
190,509,0.01831563888873418
831,832,0.00012340869340233025
600,599,0.36787944117144233
122,124,0.1353352832366127
1010,1009,0.36787944117144233
453,455,0.0009118755823967154
327,1407,0.0024787819218114594
138,137,0.36787944117144233
45,46,0.1353352832366127
1149,1150,0.01831563888873418
1421,1422,0.04978691900673351
255,254,0.36787944117144233
63,1562,0.0009118755823967154
56,654,0.04978691900673351
54,839,0.04978691900673351
1202,1204,0.0009118755823967154
144,145,0.00012340869340233025
377,1347,0.1353352832366127
195,197,0.01831563888873418
1107,1109,0.00033546262790251185
96,700,0.04978691900673351
216,217,0.39729358478482196
140,148,0.00012340869340233025
1406,1408,0.0024787819218114594
995,998,0.01831563888873418
398,399,0.04978691900673351
279,283,0.0024787819218114594
1,1084,0.1353352832366127
423,424,0.1353352832366127
827,831,0.00012340869340233025
296,299,0.04978691900673351
141,148,0.00012340869340233025
670,669,0.36787944117144233
695,717,0.01831563888873418
452,457,0.0009118755823967154
140,144,0.00012340869340233025
786,787,0.1353352832366127
479,481,0.04978691900673351
652,656,0.04978691900673351
524,525,0.01831563888873418
136,586,0.04978691900673351
337,336,0.36787944117144233
170,171,0.1353352832366127
461,463,0.04978691900673351
278,401,0.0024787819218114594
1515,1516,0.04978691900673351
362,807,0.006737946999085467
624,623,0.36787944117144233
756,760,0.513417119032592
1436,1437,5.602839018934963e-09
76,522,0.36787944117144233
530,1534,0.006737946999085467
386,389,0.0009118755823967154
48,216,0.04978691900673351
143,147,0.00012340869340233025
914,1201,0.0009118755823967154
1400,1401,0.01831563888873418
1375,1376,0.1353352832366127
900,1318,0.36787944117144233
25,201,0.04978691900673351
617,616,0.36787944117144233
932,1368,0.006737946999085467
7,10,0.4243738849556916
1571,1572,0.006737946999085467
725,726,0.04978691900673351
175,177,0.1353352832366127
34,134,0.14885808080333315
1349,1351,0.01831563888873418
774,775,0.47236566705234445
1105,1109,0.00033546262790251185
245,435,0.36787944117144233
96,97,0.6514386586903687
975,974,0.1353352832366127
4,6,0.01831563888873418
631,1579,0.1353352832366127
154,155,0.04978691900673351
266,267,0.0009118755823967154
35,38,0.006737946999085467
12,14,0.04978691900673351
1101,1103,0.1353352832366127
72,235,0.36787944117144233
62,806,0.4520541741433009
376,1263,0.04978691900673351
801,804,0.006737946999085467
78,306,0.01831563888873418
1432,1442,5.602839018934963e-09
149,151,0.4243738849556916
279,284,0.0024787819218114594
792,794,0.04978691900673351
1404,1408,0.0024787819218114594
395,396,0.04978691900673351
815,814,0.1353352832366127
482,1455,0.36787944117144233
91,93,0.1353352832366127
1429,1440,5.602839018934963e-09
927,1519,0.01831563888873418
914,915,0.0541137004595766
1287,1289,0.01831563888873418
306,307,0.01831563888873418
121,548,0.04978691900673351
294,1467,0.006737946999085467
1434,1439,5.602839018934963e-09
663,664,0.01831563888873418
1429,1434,5.602839018934963e-09
373,374,0.1353352832366127
914,916,0.0541137004595766
473,1092,0.30119406733895726
34,652,0.01831563888873418
34,1191,0.006737946999085467
524,526,0.01831563888873418
53,1468,0.01831563888873418
821,824,0.04978691900673351
916,1201,0.4091738631589083
281,283,0.7292131949226776
31,30,0.1353352832366127
314,315,0.1353352832366127
1445,1446,5.602839018934963e-09
916,917,0.006737946999085467
69,710,0.04978691900673351
477,478,0.1353352832366127
1154,1160,0.00033546262790251185
281,285,0.0024787819218114594
585,586,0.04978691900673351
281,1178,0.30119406733895726
239,241,0.36787944117144233
243,1520,0.01831563888873418
78,759,0.1353352832366127
386,391,0.0009118755823967154
1434,1444,5.602839018934963e-09
1214,1216,0.01831563888873418
654,864,0.1353352832366127
1432,1444,5.602839018934963e-09
1399,1402,0.01831563888873418
481,1235,0.1353352832366127
657,774,0.04978691900673351
1007,1006,0.36787944117144233
785,787,0.1353352832366127
1264,1266,0.04978691900673351
965,969,0.006737946999085467
350,353,0.006737946999085467
314,313,0.1353352832366127
1062,1065,0.00012340869340233025
1145,1396,0.0009118755823967154
1433,1438,5.602839018934963e-09
62,1564,0.0009118755823967154
484,483,0.36787944117144233
1159,1160,0.00033546262790251185
1061,1063,0.00012340869340233025
645,1434,5.602839018934963e-09
516,1087,0.6703200460356393
342,692,0.36787944117144233
915,1206,0.0009118755823967154
14,15,0.04978691900673351
827,830,0.00012340869340233025
357,359,0.1353352832366127
33,509,0.01831563888873418
78,1196,0.04978691900673351
654,893,0.22313032749602904
99,708,0.01831563888873418
843,1536,0.36787944117144233
71,151,0.4243738849556916
1185,1184,0.1353352832366127
1429,1442,5.602839018934963e-09
186,1162,0.44932896411722156
910,909,0.1353352832366127
141,142,0.00012340869340233025
912,914,0.006737946999085467
968,970,0.006737946999085467
645,1444,5.602839018934963e-09
625,627,0.04978691900673351
25,369,0.1353352832366127
1154,1159,0.00033546262790251185
1155,1159,0.00033546262790251185
1288,1290,0.01831563888873418
569,568,0.36787944117144233
1394,1395,0.0009118755823967154
500,1221,0.1353352832366127
78,1172,0.36787944117144233
37,39,0.006737946999085467
1441,1444,5.602839018934963e-09
401,402,0.0024787819218114594
956,1138,0.04978691900673351
631,1570,0.006737946999085467
537,540,0.04978691900673351
1434,1447,5.602839018934963e-09
34,132,0.14885808080333315
973,989,0.36787944117144233
388,390,0.0009118755823967154
222,473,0.1353352832366127
1060,1064,0.00012340869340233025
482,1245,0.01831563888873418
517,1460,0.04978691900673351
619,620,0.1353352832366127
1538,1537,0.1353352832366127
1152,1155,0.00033546262790251185
913,917,0.006737946999085467
194,1136,0.01831563888873418
860,1465,0.006737946999085467
1332,1331,0.1353352832366127
1299,1298,0.36787944117144233
532,1534,0.006737946999085467
654,657,0.3359111144930833
695,718,0.01831563888873418
294,1465,0.006737946999085467
646,853,0.1353352832366127
694,696,0.006737946999085467
1429,1431,0.0749519151743962
1153,1160,0.00033546262790251185
146,148,0.00012340869340233025
375,1263,0.04978691900673351
96,225,0.04978691900673351
53,1315,0.01831563888873418
21,20,0.1353352832366127
33,34,0.7892387619583291
1432,1445,5.602839018934963e-09
1430,1446,5.602839018934963e-09
265,268,0.3397001127785443
1429,1435,5.602839018934963e-09
1155,1158,0.00033546262790251185
106,107,0.1353352832366127
69,977,0.01831563888873418
744,1281,0.04978691900673351
265,266,0.3397001127785443
128,1023,0.5647181220077593
473,985,0.04978691900673351
482,1246,0.01831563888873418
0,1084,0.1353352832366127
1430,1447,5.602839018934963e-09
203,316,0.04978691900673351
879,880,0.01831563888873418
1350,1351,0.01831563888873418
216,252,0.1353352832366127
831,833,0.00012340869340233025
914,1207,0.0009118755823967154
1060,1067,0.00012340869340233025
375,377,0.7097398737909077
1420,1422,0.04978691900673351
1575,1578,0.04978691900673351
1433,1445,5.602839018934963e-09
140,147,0.00012340869340233025
611,612,0.04978691900673351
225,517,0.01831563888873418
766,769,0.04978691900673351
33,1008,0.1353352832366127
1433,1443,5.602839018934963e-09
965,967,0.006737946999085467
806,808,0.01831563888873418
78,370,0.1353352832366127
764,765,0.3154214146187805
277,402,0.0024787819218114594
1442,1445,5.602839018934963e-09
1407,1408,0.0024787819218114594
801,802,0.006737946999085467
443,676,0.1353352832366127
1154,1156,0.00033546262790251185
1287,1290,0.01831563888873418
173,174,0.1353352832366127
179,181,0.36787944117144233
173,172,0.1353352832366127
1061,1060,0.00012340869340233025
1430,1441,5.602839018934963e-09
574,575,0.1353352832366127
78,756,0.1353352832366127
370,371,0.1353352832366127
308,1040,0.513417119032592
947,1272,0.1353352832366127
1294,1378,0.1353352832366127
836,835,0.1353352832366127
9,1425,0.513417119032592
45,44,0.1353352832366127
648,647,0.36787944117144233
266,944,0.006737946999085467
721,1346,0.36787944117144233
1349,1352,0.01831563888873418
293,744,0.2396510364417758
189,650,0.04978691900673351
415,414,0.36787944117144233
1034,1033,0.36787944117144233
437,436,0.1353352832366127
293,1369,0.006737946999085467
826,834,0.00012340869340233025
1178,1342,0.04978691900673351
214,215,0.1353352832366127
1157,1159,0.00033546262790251185
652,653,0.04978691900673351
1107,1110,0.00033546262790251185
121,1255,0.30119406733895726
676,1557,0.04978691900673351
1384,1385,0.1353352832366127
422,424,0.1353352832366127
1444,1445,5.602839018934963e-09
379,381,0.1353352832366127
144,148,0.00012340869340233025
931,1175,0.1353352832366127
167,166,0.36787944117144233
1576,1578,0.04978691900673351
849,848,0.36787944117144233
1433,1436,5.602839018934963e-09
30,33,0.7564869268184686
961,960,0.1353352832366127
1436,1443,5.602839018934963e-09
1584,1583,0.36787944117144233
961,962,0.1353352832366127
1194,1193,0.36787944117144233
1437,1445,5.602839018934963e-09
326,328,0.04978691900673351
589,1180,0.01831563888873418
506,505,0.36787944117144233
1450,1449,0.36787944117144233
652,654,0.6187829165799181
1235,1236,0.1353352832366127
1332,1333,0.1353352832366127
715,718,0.01831563888873418
157,158,0.1353352832366127
855,857,0.1353352832366127
455,458,0.0009118755823967154
284,285,0.0024787819218114594
636,637,0.1353352832366127
33,1190,0.006737946999085467
524,1322,0.36787944117144233
1364,1366,0.01831563888873418
219,1394,0.0009118755823967154
1404,1406,0.0024787819218114594
54,561,0.06948345122280154
767,769,0.04978691900673351
397,399,0.04978691900673351
1546,1548,0.04978691900673351
1358,1411,0.04978691900673351
452,459,0.0009118755823967154
932,1369,0.006737946999085467
1399,1401,0.01831563888873418
820,1170,0.36787944117144233
64,797,0.01831563888873418
1042,1044,0.1353352832366127
244,247,0.36787944117144233
155,156,0.04978691900673351
1432,1434,5.602839018934963e-09
1162,1413,0.01831563888873418
1432,1440,5.602839018934963e-09
1067,1068,0.00012340869340233025
1544,1543,0.36787944117144233
428,1361,0.04978691900673351
1095,1096,0.04978691900673351
69,1082,0.1353352832366127
162,301,0.01831563888873418
217,252,0.01831563888873418
693,696,0.006737946999085467
48,47,0.04978691900673351
97,709,0.04978691900673351
523,524,0.01831563888873418
208,207,0.1353352832366127
1518,1520,0.01831563888873418
305,306,0.01831563888873418
860,1464,0.006737946999085467
94,708,0.18009213573097915
930,929,0.36787944117144233
547,1239,0.36787944117144233
901,902,0.1353352832366127
1145,1282,0.04978691900673351
51,57,0.36787944117144233
1226,1225,0.36787944117144233
1018,1303,0.1353352832366127
813,812,0.36787944117144233
371,867,0.1353352832366127
64,795,0.01831563888873418
74,73,0.04978691900673351
293,931,0.0820849986238988
1504,1505,0.006737946999085467
508,509,0.26359713811572677
1210,1212,0.04978691900673351
377,1295,0.01831563888873418
123,122,0.1353352832366127
525,526,0.01831563888873418
327,326,0.04978691900673351
1246,1247,0.01831563888873418
829,833,0.00012340869340233025
1155,1157,0.00033546262790251185
1434,1443,5.602839018934963e-09
1405,1408,0.0024787819218114594
1466,1467,0.006737946999085467
55,654,0.04978691900673351
1357,1411,0.04978691900673351
1057,1058,0.04978691900673351
514,516,0.30119406733895726
409,411,0.01831563888873418
1441,1447,5.602839018934963e-09
927,1518,0.01831563888873418
446,448,0.04978691900673351
1017,1309,0.006737946999085467
1315,1470,0.01831563888873418
844,847,0.04978691900673351
598,597,0.36787944117144233
952,951,0.4243738849556916
62,65,0.04978691900673351
143,145,0.00012340869340233025
78,309,0.7408179984360628
1440,1446,5.602839018934963e-09
288,289,0.1353352832366127
796,797,0.01831563888873418
709,710,0.04978691900673351
984,1092,0.30119406733895726
216,516,0.04978691900673351
216,221,0.01831563888873418
180,179,0.36787944117144233
207,1477,0.1353352832366127
74,75,0.04978691900673351
1206,1208,0.0009118755823967154
282,283,0.0024787819218114594
715,717,0.01831563888873418
795,798,0.01831563888873418
34,654,0.44932896411722156
239,1501,0.01831563888873418
106,105,0.1353352832366127
1433,1434,5.602839018934963e-09
783,1574,0.1353352832366127
1436,1441,5.602839018934963e-09
1475,1474,0.1353352832366127
36,38,0.006737946999085467
259,1166,0.04978691900673351
1312,1316,0.01831563888873418
795,797,0.01831563888873418
443,739,0.36787944117144233
355,356,0.1353352832366127
1250,1251,0.1353352832366127
1000,999,0.36787944117144233
